key,name,notes,hours,kind,key:auditReport
#base entity
audit-section-00,Lorem ipsum dolor sit amet  consectetu,Lorem ipsum dolor sit amet  consectetur adipiscing elit. Sed do: eiusmod tempor incididunt ut labore et dolore magna aliqua! Ut*,50,PRELIMINARY,audit-report-00
#name- errata
audit-section-01,,Lorem ipsum dolor sit amet  consectetur adipiscing elit. Sed do: eiusmod tempor incididunt ut labore et dolore magna aliqua! Ut*,50,PRELIMINARY,audit-report-00
audit-section-02,Lorem ipsum dolor sit amet  consectetur adipiscing elit. Sed do: eiusmod teE,Lorem ipsum dolor sit amet  consectetur adipiscing elit. Sed do: eiusmod tempor incididunt ut labore et dolore magna aliqua! Ut*,50,PRELIMINARY,audit-report-00
#notes- standard variations
audit-section-11,Lorem ipsum dolor sit amet  consectetu,,50,PRELIMINARY,audit-report-00
audit-section-12,Lorem ipsum dolor sit amet  consectetu,Lorem ipsum dolor sit amet  consectetur adipiscing elit. Sed do: eiusmod tempor incididunt ut labore et dolore magna aliqua! Ut enim ad minim veniam? Quis nostrud exercitation ullamco laboris nisi ut aliquip ex ea commodo consequat. Duis aute irure dolorRR,50,PRELIMINARY,audit-report-00
#hours- standard variations
audit-section-21,Lorem ipsum dolor sit amet  consectetu,Lorem ipsum dolor sit amet  consectetur adipiscing elit. Sed do: eiusmod tempor incididunt ut labore et dolore magna aliqua! Ut*,,PRELIMINARY,audit-report-00
audit-section-22,Lorem ipsum dolor sit amet  consectetu,Lorem ipsum dolor sit amet  consectetur adipiscing elit. Sed do: eiusmod tempor incididunt ut labore et dolore magna aliqua! Ut*,-10,PRELIMINARY,audit-report-00
#kind- standard variations
audit-section-25,Lorem ipsum dolor sit amet  consectetu,Lorem ipsum dolor sit amet  consectetur adipiscing elit. Sed do: eiusmod tempor incididunt ut labore et dolore magna aliqua! Ut*,50,,audit-report-00
#auditReport- standard variations
audit-section-27,Lorem ipsum dolor sit amet  consectetu,Lorem ipsum dolor sit amet  consectetur adipiscing elit. Sed do: eiusmod tempor incididunt ut labore et dolore magna aliqua! Ut*,50,PRELIMINARY,
#fin